28,s_basic_string_expansion,1606415353,0
29,s_only_string_expansion,1606415353,0
30,s_two_string_expansions,1606415353,0
31,s_two_string_expansions2,1606415353,0
32,s_empty_string_expansion,1606415353,0
33,s_full_then_empty_string,1606415353,0
34,s_empty_then_full_string,1606415353,0
35,s_three_strings,1606415353,0
36,s_space_padded_field_width,1606415353,0
37,s_space_padded_field_width2,1606415353,0
38,s_space_padded_over_field_width,1606415353,0
39,s_space_padded_field_width_lj,1606415353,0
40,s_space_padded_field_width2_lj,1606415353,0
41,s_space_padded_over_field_width_lj,1606415353,0
42,s_string_prec_notrunc,1606415353,0
43,s_string_prec_trunc,1606415353,0
44,s_string_prec_default,1606415353,0
45,s_string_prec_zero,1606415353,0
46,s_two_strings_prec_2trunc,1606415353,0
47,s_two_strings_prec_1trunc_a,1606415353,0
48,s_two_strings_prec_1trunc_b,1606415353,0
49,s_two_strings_prec_0trunc,1606415353,0
50,s_string_prec_width_notrunc,1606415353,0
51,s_string_prec_width_trunc,0,1606415353
52,s_string_prec_width_notrunc_lj,1606415353,0
53,s_string_prec_width_trunc_lj,1606415353,0
54,s_two_s_prec_width_2fit_0trunc,1606415353,0
55,s_two_s_prec_width_1fit_a_0trunc,1606415353,0
56,s_two_s_prec_width_1fit_b_0trunc,1606415353,0
57,s_two_s_prec_width_0fit_0trunc,1606415353,0
58,s_two_s_prec_width_2fit_1trunc_a,0,1606415353
59,s_two_s_prec_width_1fit_a_1trunc_a,1606415353,0
60,s_two_s_prec_width_1fit_b_1trunc_a,0,1606415353
61,s_two_s_prec_width_0fit_1trunc_a,1606415353,0
62,s_two_s_prec_width_2fit_1trunc_b,0,1606415353
63,s_two_s_prec_width_1fit_a_1trunc_b,0,1606415353
64,s_two_s_prec_width_1fit_b_1trunc_b,1606415353,0
65,s_two_s_prec_width_0fit_1trunc_b,1606415353,0
66,s_two_s_prec_width_2fit_2trunc,0,1606415353
67,s_two_s_prec_width_1fit_a_2trunc,0,1606415353
68,s_two_s_prec_width_1fit_b_2trunc,0,1606415353
69,s_two_s_prec_width_0fit_2trunc,1606415353,0
70,s_two_s_prec_width_2trunc,1606415353,0
71,s_two_strings_lj_and_rj,1606415353,0
72,s_two_strings_rj_and_lj,1606415353,0
73,s_null_basic_string_expansion,0,1606415353
74,s_null_only_string_expansion,0,1606415353
75,s_null_space_padded_field_width,0,1606415353
76,s_null_space_padded_over_field_width,0,1606415353
77,s_null_space_padded_field_width_lj,0,1606415353
78,s_null_space_padded_field_width2_lj,0,1606415353
79,s_null_space_padded_over_field_width_lj,0,1606415353
80,s_null_string_prec_notrunc,1606415353,0
81,s_null_string_prec_trunc,1606415353,0
82,s_null_string_prec_default,1606415353,0
83,s_null_string_prec_zero,1606415353,0
84,s_basic_s_hidden,1606415353,0
85,s_width_3_s_hidden,1606415353,0
86,s_width_9_s_hidden,1606415353,0
87,s_prec_no_width_s_hidden,1606415353,0
88,s_prec_9_no_width_s_hidden,1606415353,0
89,s_prec_03_no_width_s_hidden,1606415353,0
90,s_prec_09_no_width_s_hidden,1606415353,0
91,s_prec_03_no_width_s_null,0,1606415353
92,s_prec_09_no_width_s_null,0,1606415353
93,s_prec_00_no_width_s_nullchar,1606415353,0
94,s_prec_01_no_width_s_nullchar,1606415353,0
95,s_prec_03_no_width_s_nullchar,1606415353,0
96,s_prec_09_no_width_s_nullchar,1606415353,0
97,s_prec_0_width_3_s_hidden,0,1606415353
98,s_prec_0_width_10_s_hidden,0,1606415353
99,s_prec_0_width_3_s_null,0,1606415353
100,s_prec_0_width_10_s_null,0,1606415353
101,s_prec_0_width_1_s_nullchar,1606415353,0
102,s_prec_0_width_2_s_nullchar,1606415353,0
103,s_prec_0_width_9_s_nullchar,1606415353,0
104,s_prec_0_lj_width_3_s_hidden,0,1606415353
105,s_prec_0_lj_width_8_s_hidden,0,1606415353
106,s_prec_0_lj_width_3_s_null,0,1606415353
107,s_prec_0_lj_width_8_s_null,0,1606415353
108,s_prec_0_lj_width_1_s_nullchar,0,1606415353
109,s_prec_0_lj_width_2_s_nullchar,0,1606415353
110,s_prec_0_lj_width_6_s_nullchar,0,1606415353
111,s_prec_1_width_3_s_hidden,0,1606415353
112,s_prec_1_width_10_s_hidden,0,1606415353
113,s_prec_1_width_3_s_null,0,1606415353
114,s_prec_1_width_9_s_null,0,1606415353
115,s_prec_1_lj_width_3_s_hidden,1606415353,0
116,s_prec_1_lj_width_10_s_hidden,1606415353,0
117,s_prec_1_lj_width_3_s_null,0,1606415353
118,s_prec_1_lj_width_9_s_null,0,1606415353
119,s_prec_1_lj_width_3_s_nullchar,0,1606415353
120,s_prec_1_lj_width_6_s_nullchar,0,1606415353
121,s_prec_perfect_width_3_s_hidden,1606415353,0
122,s_prec_perfect_width_20_s_hidden,1606415353,0
123,s_prec_perfect_width_3_s_null,0,1606415353
124,s_prec_perfect_width_20_s_null,0,1606415353
125,s_prec_perfect_width_3_s_nullchar,1606415353,0
126,s_prec_perfect_width_6_s_nullchar,1606415353,0
127,s_prec_perfect_lj_width_3_s_hidden,1606415353,0
128,s_prec_perfect_lj_width_20_s_hidden,1606415353,0
129,s_prec_8_lj_width_3_s_hidden,1606415353,0
130,s_prec_8_lj_width_10_s_hidden,1606415353,0
131,s_prec_8_lj_width_3_s_null,0,1606415353
132,s_prec_8_lj_width_10_s_null,0,1606415353
133,s_prec_00_lj_s_hidden_trunc,1606415353,0
134,s_prec_09_lj_s_hidden_notrunc,1606415353,0
4201,s_neg_prec_star_01,0,1606415353
4202,s_neg_prec_star_02,0,1606415353
